<?xml version="1.0" encoding="UTF-8"?>
<GenRun Id="synth_1" LaunchPart="xc7a35tcpg236-1" LaunchTime="1678836465" LaunchIncrCheckpoint="$PSRCDIR/utils_1/imports/synth_1/design_1_wrapper.dcp">
  <File Type="PA-TCL" Name="top_lfsr.tcl"/>
  <File Type="RDS-PROPCONSTRS" Name="top_lfsr_drc_synth.rpt"/>
  <File Type="REPORTS-TCL" Name="top_lfsr_reports.tcl"/>
  <File Type="RDS-RDS" Name="top_lfsr.vds"/>
  <File Type="RDS-UTIL" Name="top_lfsr_utilization_synth.rpt"/>
  <File Type="RDS-UTIL-PB" Name="top_lfsr_utilization_synth.pb"/>
  <File Type="RDS-DCP" Name="top_lfsr.dcp"/>
  <File Type="VDS-TIMINGSUMMARY" Name="top_lfsr_timing_summary_synth.rpt"/>
  <File Type="VDS-TIMING-PB" Name="top_lfsr_timing_summary_synth.pb"/>
  <FileSet Name="sources" Type="DesignSrcs" RelSrcDir="$PSRCDIR/sources_1" RelGenDir="$PGENDIR/sources_1">
    <Filter Type="Srcs"/>
    <File Path="$PSRCDIR/sources_1/new/timescale.v">
      <FileInfo>
        <Attr Name="IsGlobalInclude" Val="1"/>
        <Attr Name="UsedIn" Val="synthesis"/>
        <Attr Name="UsedIn" Val="implementation"/>
        <Attr Name="UsedIn" Val="simulation"/>
      </FileInfo>
    </File>
    <File Path="$PSRCDIR/sources_1/imports/sources/Seven_Seg_Display_Control.v">
      <FileInfo>
        <Attr Name="ImportPath" Val="$PPRDIR/../../Quartus/top_lfsr/sources/Seven_Seg_Display_Control.v"/>
        <Attr Name="ImportTime" Val="1678824830"/>
        <Attr Name="UsedIn" Val="synthesis"/>
        <Attr Name="UsedIn" Val="implementation"/>
        <Attr Name="UsedIn" Val="simulation"/>
      </FileInfo>
    </File>
    <File Path="$PSRCDIR/sources_1/imports/new/debounce.v">
      <FileInfo>
        <Attr Name="ImportPath" Val="$PPRDIR/../LFSR_2022_2/LFSR_2022_2.srcs/sources_1/new/debounce.v"/>
        <Attr Name="ImportTime" Val="1676061986"/>
        <Attr Name="UsedIn" Val="synthesis"/>
        <Attr Name="UsedIn" Val="implementation"/>
        <Attr Name="UsedIn" Val="simulation"/>
      </FileInfo>
    </File>
    <File Path="$PSRCDIR/sources_1/imports/sources/design_block.v">
      <FileInfo>
        <Attr Name="ImportPath" Val="$PPRDIR/../../Quartus/top_lfsr/sources/design_block.v"/>
        <Attr Name="ImportTime" Val="1678824646"/>
        <Attr Name="UsedIn" Val="synthesis"/>
        <Attr Name="UsedIn" Val="implementation"/>
        <Attr Name="UsedIn" Val="simulation"/>
      </FileInfo>
    </File>
    <File Path="$PSRCDIR/sources_1/imports/new/div_by_N.v">
      <FileInfo>
        <Attr Name="ImportPath" Val="$PPRDIR/../LFSR_2022_2/LFSR_2022_2.srcs/sources_1/new/div_by_N.v"/>
        <Attr Name="ImportTime" Val="1676062339"/>
        <Attr Name="UsedIn" Val="synthesis"/>
        <Attr Name="UsedIn" Val="implementation"/>
        <Attr Name="UsedIn" Val="simulation"/>
      </FileInfo>
    </File>
    <File Path="$PSRCDIR/sources_1/imports/sources/fifo_buffer.v">
      <FileInfo>
        <Attr Name="ImportPath" Val="$PPRDIR/../../Quartus/top_lfsr/sources/fifo_buffer.v"/>
        <Attr Name="ImportTime" Val="1678638009"/>
        <Attr Name="UsedIn" Val="synthesis"/>
        <Attr Name="UsedIn" Val="implementation"/>
        <Attr Name="UsedIn" Val="simulation"/>
      </FileInfo>
    </File>
    <File Path="$PSRCDIR/sources_1/imports/new/lfsr.v">
      <FileInfo>
        <Attr Name="ImportPath" Val="$PPRDIR/../LFSR_2022_2/LFSR_2022_2.srcs/sources_1/new/lfsr.v"/>
        <Attr Name="ImportTime" Val="1676062013"/>
        <Attr Name="UsedIn" Val="synthesis"/>
        <Attr Name="UsedIn" Val="implementation"/>
        <Attr Name="UsedIn" Val="simulation"/>
      </FileInfo>
    </File>
    <File Path="$PSRCDIR/sources_1/imports/new/reset_gen.v">
      <FileInfo>
        <Attr Name="ImportPath" Val="$PPRDIR/../LFSR_2022_2/LFSR_2022_2.srcs/sources_1/new/reset_gen.v"/>
        <Attr Name="ImportTime" Val="1676062275"/>
        <Attr Name="UsedIn" Val="synthesis"/>
        <Attr Name="UsedIn" Val="implementation"/>
        <Attr Name="UsedIn" Val="simulation"/>
      </FileInfo>
    </File>
    <File Path="$PSRCDIR/sources_1/imports/sources/uart_tx.v">
      <FileInfo>
        <Attr Name="ImportPath" Val="$PPRDIR/../../Quartus/top_lfsr/sources/uart_tx.v"/>
        <Attr Name="ImportTime" Val="1678823460"/>
        <Attr Name="UsedIn" Val="synthesis"/>
        <Attr Name="UsedIn" Val="implementation"/>
        <Attr Name="UsedIn" Val="simulation"/>
      </FileInfo>
    </File>
    <File Path="$PSRCDIR/sources_1/imports/sources/top_lfsr.v">
      <FileInfo>
        <Attr Name="ImportPath" Val="$PPRDIR/../../Quartus/top_lfsr/sources/top_lfsr.v"/>
        <Attr Name="ImportTime" Val="1678824909"/>
        <Attr Name="UsedIn" Val="synthesis"/>
        <Attr Name="UsedIn" Val="implementation"/>
        <Attr Name="UsedIn" Val="simulation"/>
      </FileInfo>
    </File>
    <File Path="$PSRCDIR/sources_1/imports/new/Seven_Seg_Display_Control.v">
      <FileInfo>
        <Attr Name="UserDisabled" Val="1"/>
        <Attr Name="ImportPath" Val="$PPRDIR/../LFSR_2022_2/LFSR_2022_2.srcs/sources_1/new/Seven_Seg_Display_Control.v"/>
        <Attr Name="ImportTime" Val="1676062393"/>
        <Attr Name="UsedIn" Val="synthesis"/>
        <Attr Name="UsedIn" Val="implementation"/>
        <Attr Name="UsedIn" Val="simulation"/>
      </FileInfo>
    </File>
    <File Path="$PSRCDIR/sources_1/imports/sources/debounce.v">
      <FileInfo>
        <Attr Name="AutoDisabled" Val="1"/>
        <Attr Name="ImportPath" Val="$PPRDIR/../../Quartus/top_lfsr/sources/debounce.v"/>
        <Attr Name="ImportTime" Val="1677856615"/>
        <Attr Name="UsedIn" Val="synthesis"/>
        <Attr Name="UsedIn" Val="implementation"/>
        <Attr Name="UsedIn" Val="simulation"/>
      </FileInfo>
    </File>
    <File Path="$PSRCDIR/sources_1/imports/sources/div_by_N.v">
      <FileInfo>
        <Attr Name="AutoDisabled" Val="1"/>
        <Attr Name="ImportPath" Val="$PPRDIR/../../Quartus/top_lfsr/sources/div_by_N.v"/>
        <Attr Name="ImportTime" Val="1678420245"/>
        <Attr Name="UsedIn" Val="synthesis"/>
        <Attr Name="UsedIn" Val="implementation"/>
        <Attr Name="UsedIn" Val="simulation"/>
      </FileInfo>
    </File>
    <File Path="$PSRCDIR/sources_1/imports/sources/lfsr.v">
      <FileInfo>
        <Attr Name="AutoDisabled" Val="1"/>
        <Attr Name="ImportPath" Val="$PPRDIR/../../Quartus/top_lfsr/sources/lfsr.v"/>
        <Attr Name="ImportTime" Val="1677970892"/>
        <Attr Name="UsedIn" Val="synthesis"/>
        <Attr Name="UsedIn" Val="implementation"/>
        <Attr Name="UsedIn" Val="simulation"/>
      </FileInfo>
    </File>
    <File Path="$PSRCDIR/sources_1/imports/sources/reset_gen.v">
      <FileInfo>
        <Attr Name="AutoDisabled" Val="1"/>
        <Attr Name="ImportPath" Val="$PPRDIR/../../Quartus/top_lfsr/sources/reset_gen.v"/>
        <Attr Name="ImportTime" Val="1678228729"/>
        <Attr Name="UsedIn" Val="synthesis"/>
        <Attr Name="UsedIn" Val="implementation"/>
        <Attr Name="UsedIn" Val="simulation"/>
      </FileInfo>
    </File>
    <File Path="$PSRCDIR/sources_1/imports/sources/TB_top_lfsr.v">
      <FileInfo>
        <Attr Name="AutoDisabled" Val="1"/>
        <Attr Name="ImportPath" Val="$PPRDIR/../../Quartus/top_lfsr/sources/TB_top_lfsr.v"/>
        <Attr Name="ImportTime" Val="1678584127"/>
        <Attr Name="UsedIn" Val="synthesis"/>
        <Attr Name="UsedIn" Val="implementation"/>
        <Attr Name="UsedIn" Val="simulation"/>
      </FileInfo>
    </File>
    <Config>
      <Option Name="DesignMode" Val="RTL"/>
      <Option Name="TopModule" Val="top_lfsr"/>
      <Option Name="TopAutoSet" Val="TRUE"/>
    </Config>
  </FileSet>
  <FileSet Name="constrs_in" Type="Constrs" RelSrcDir="$PSRCDIR/constrs_1">
    <Filter Type="Constrs"/>
    <File Path="$PSRCDIR/constrs_1/imports/new/Basys3_mod.xdc">
      <FileInfo>
        <Attr Name="ImportPath" Val="$PPRDIR/../LFSR_2022_2/LFSR_2022_2.srcs/constrs_1/new/Basys3_mod.xdc"/>
        <Attr Name="ImportTime" Val="1675099440"/>
        <Attr Name="UsedIn" Val="synthesis"/>
        <Attr Name="UsedIn" Val="implementation"/>
      </FileInfo>
    </File>
    <Config>
      <Option Name="ConstrsType" Val="XDC"/>
    </Config>
  </FileSet>
  <FileSet Name="utils" Type="Utils" RelSrcDir="$PSRCDIR/utils_1">
    <Filter Type="Utils"/>
    <File Path="$PSRCDIR/utils_1/imports/synth_1/design_1_wrapper.dcp">
      <FileInfo>
        <Attr Name="ImportPath" Val="$PPRDIR/../LFSR_BD/LFSR_BD.srcs/utils_1/imports/synth_1/design_1_wrapper.dcp"/>
        <Attr Name="ImportTime" Val="1676689363"/>
        <Attr Name="UsedIn" Val="synthesis"/>
        <Attr Name="UsedIn" Val="implementation"/>
        <Attr Name="UsedInSteps" Val="synth_1"/>
        <Attr Name="AutoDcp" Val="1"/>
      </FileInfo>
    </File>
    <Config>
      <Option Name="TopAutoSet" Val="TRUE"/>
    </Config>
  </FileSet>
  <Strategy Version="1" Minor="2">
    <StratHandle Name="Vivado Synthesis Defaults" Flow="Vivado Synthesis 2022">
      <Desc>Vivado Synthesis Defaults</Desc>
    </StratHandle>
    <Step Id="synth_design"/>
  </Strategy>
  <BlockFileSet Type="BlockSrcs" Name="clk_wiz_0"/>
</GenRun>
