{
	"partitions" : [
		{
			"name" : "Top",
			"pins" : [
				{
					"name" : "cath_out[0]",
					"strict" : false
				},
				{
					"name" : "cath_out[1]",
					"strict" : false
				},
				{
					"name" : "cath_out[2]",
					"strict" : false
				},
				{
					"name" : "cath_out[3]",
					"strict" : false
				},
				{
					"name" : "cath_out[4]",
					"strict" : false
				},
				{
					"name" : "cath_out[5]",
					"strict" : false
				},
				{
					"name" : "cath_out[6]",
					"strict" : false
				},
				{
					"name" : "enable[0]",
					"strict" : false
				},
				{
					"name" : "enable[1]",
					"strict" : false
				},
				{
					"name" : "enable[2]",
					"strict" : false
				},
				{
					"name" : "enable[3]",
					"strict" : false
				},
				{
					"name" : "led[0]",
					"strict" : false
				},
				{
					"name" : "led[1]",
					"strict" : false
				},
				{
					"name" : "led[2]",
					"strict" : false
				},
				{
					"name" : "RsTx",
					"strict" : false
				},
				{
					"name" : "btnU",
					"strict" : false
				}
			]
		}
	]
}