<?xml version="1.0" encoding="UTF-8"?>
<GenRun Id="impl_1" LaunchPart="xc7a35tcpg236-1" LaunchTime="1678836465">
  <File Type="ROUTE-PWR" Name="top_lfsr_power_routed.rpt"/>
  <File Type="PA-TCL" Name="top_lfsr.tcl"/>
  <File Type="BITSTR-MMI" Name="top_lfsr.mmi"/>
  <File Type="OPT-METHODOLOGY-DRC" Name="top_lfsr_methodology_drc_opted.rpt"/>
  <File Type="INIT-TIMING" Name="top_lfsr_timing_summary_init.rpt"/>
  <File Type="ROUTE-PWR-SUM" Name="top_lfsr_power_summary_routed.pb"/>
  <File Type="REPORTS-TCL" Name="top_lfsr_reports.tcl"/>
  <File Type="OPT-TIMING" Name="top_lfsr_timing_summary_opted.rpt"/>
  <File Type="OPT-DCP" Name="top_lfsr_opt.dcp"/>
  <File Type="OPT-DRC" Name="top_lfsr_drc_opted.rpt"/>
  <File Type="OPT-HWDEF" Name="top_lfsr.hwdef"/>
  <File Type="PWROPT-DCP" Name="top_lfsr_pwropt.dcp"/>
  <File Type="PWROPT-DRC" Name="top_lfsr_drc_pwropted.rpt"/>
  <File Type="PWROPT-TIMING" Name="top_lfsr_timing_summary_pwropted.rpt"/>
  <File Type="PLACE-DCP" Name="top_lfsr_placed.dcp"/>
  <File Type="PLACE-IO" Name="top_lfsr_io_placed.rpt"/>
  <File Type="PLACE-CLK" Name="top_lfsr_clock_utilization_placed.rpt"/>
  <File Type="PLACE-UTIL" Name="top_lfsr_utilization_placed.rpt"/>
  <File Type="PLACE-UTIL-PB" Name="top_lfsr_utilization_placed.pb"/>
  <File Type="PLACE-CTRL" Name="top_lfsr_control_sets_placed.rpt"/>
  <File Type="PLACE-SIMILARITY" Name="top_lfsr_incremental_reuse_placed.rpt"/>
  <File Type="PLACE-PRE-SIMILARITY" Name="top_lfsr_incremental_reuse_pre_placed.rpt"/>
  <File Type="BG-BIN" Name="top_lfsr.bin"/>
  <File Type="PLACE-TIMING" Name="top_lfsr_timing_summary_placed.rpt"/>
  <File Type="POSTPLACE-PWROPT-DCP" Name="top_lfsr_postplace_pwropt.dcp"/>
  <File Type="BITSTR-MSK" Name="top_lfsr.msk"/>
  <File Type="POSTPLACE-PWROPT-TIMING" Name="top_lfsr_timing_summary_postplace_pwropted.rpt"/>
  <File Type="PHYSOPT-DCP" Name="top_lfsr_physopt.dcp"/>
  <File Type="PHYSOPT-DRC" Name="top_lfsr_drc_physopted.rpt"/>
  <File Type="BITSTR-RBT" Name="top_lfsr.rbt"/>
  <File Type="PHYSOPT-TIMING" Name="top_lfsr_timing_summary_physopted.rpt"/>
  <File Type="ROUTE-ERROR-DCP" Name="top_lfsr_routed_error.dcp"/>
  <File Type="ROUTE-DCP" Name="top_lfsr_routed.dcp"/>
  <File Type="ROUTE-BLACKBOX-DCP" Name="top_lfsr_routed_bb.dcp"/>
  <File Type="ROUTE-DRC" Name="top_lfsr_drc_routed.rpt"/>
  <File Type="ROUTE-DRC-PB" Name="top_lfsr_drc_routed.pb"/>
  <File Type="ROUTE-DRC-RPX" Name="top_lfsr_drc_routed.rpx"/>
  <File Type="ROUTE-METHODOLOGY-DRC" Name="top_lfsr_methodology_drc_routed.rpt"/>
  <File Type="ROUTE-METHODOLOGY-DRC-RPX" Name="top_lfsr_methodology_drc_routed.rpx"/>
  <File Type="ROUTE-METHODOLOGY-DRC-PB" Name="top_lfsr_methodology_drc_routed.pb"/>
  <File Type="ROUTE-PWR-RPX" Name="top_lfsr_power_routed.rpx"/>
  <File Type="ROUTE-STATUS" Name="top_lfsr_route_status.rpt"/>
  <File Type="ROUTE-STATUS-PB" Name="top_lfsr_route_status.pb"/>
  <File Type="ROUTE-TIMINGSUMMARY" Name="top_lfsr_timing_summary_routed.rpt"/>
  <File Type="ROUTE-TIMING-PB" Name="top_lfsr_timing_summary_routed.pb"/>
  <File Type="ROUTE-TIMING-RPX" Name="top_lfsr_timing_summary_routed.rpx"/>
  <File Type="ROUTE-SIMILARITY" Name="top_lfsr_incremental_reuse_routed.rpt"/>
  <File Type="ROUTE-CLK" Name="top_lfsr_clock_utilization_routed.rpt"/>
  <File Type="ROUTE-BUS-SKEW" Name="top_lfsr_bus_skew_routed.rpt"/>
  <File Type="ROUTE-BUS-SKEW-PB" Name="top_lfsr_bus_skew_routed.pb"/>
  <File Type="ROUTE-BUS-SKEW-RPX" Name="top_lfsr_bus_skew_routed.rpx"/>
  <File Type="POSTROUTE-PHYSOPT-DCP" Name="top_lfsr_postroute_physopt.dcp"/>
  <File Type="POSTROUTE-PHYSOPT-BLACKBOX-DCP" Name="top_lfsr_postroute_physopt_bb.dcp"/>
  <File Type="POSTROUTE-PHYSOPT-TIMING" Name="top_lfsr_timing_summary_postroute_physopted.rpt"/>
  <File Type="POSTROUTE-PHYSOPT-TIMING-PB" Name="top_lfsr_timing_summary_postroute_physopted.pb"/>
  <File Type="POSTROUTE-PHYSOPT-TIMING-RPX" Name="top_lfsr_timing_summary_postroute_physopted.rpx"/>
  <File Type="POSTROUTE-PHYSOPT-BUS-SKEW" Name="top_lfsr_bus_skew_postroute_physopted.rpt"/>
  <File Type="BG-BIT" Name="top_lfsr.bit"/>
  <File Type="POSTROUTE-PHYSOPT-BUS-SKEW-PB" Name="top_lfsr_bus_skew_postroute_physopted.pb"/>
  <File Type="POSTROUTE-PHYSOPT-BUS-SKEW-RPX" Name="top_lfsr_bus_skew_postroute_physopted.rpx"/>
  <File Type="BITSTR-NKY" Name="top_lfsr.nky"/>
  <File Type="BITSTR-BMM" Name="top_lfsr_bd.bmm"/>
  <File Type="PDI-FILE" Name="top_lfsr.pdi"/>
  <File Type="RCFI_FILE" Name="top_lfsr.rcfi"/>
  <File Type="CFI_FILE" Name="top_lfsr.cfi"/>
  <File Type="RNPI_FILE" Name="top_lfsr.rnpi"/>
  <File Type="NPI_FILE" Name="top_lfsr.npi"/>
  <File Type="RBD_FILE" Name="top_lfsr.rbd"/>
  <File Type="BITSTR-LTX" Name="debug_nets.ltx"/>
  <File Type="BITSTR-LTX" Name="top_lfsr.ltx"/>
  <File Type="BITSTR-SYSDEF" Name="top_lfsr.sysdef"/>
  <File Type="BG-BGN" Name="top_lfsr.bgn"/>
  <File Type="BG-DRC" Name="top_lfsr.drc"/>
  <File Type="RDI-RDI" Name="top_lfsr.vdi"/>
  <File Type="WBT-USG" Name="usage_statistics_webtalk.html"/>
  <File Type="ROUTE-RQS" Name="top_lfsr_routed.rqs"/>
  <File Type="POSTROUTE-PHYSOPT-RQS" Name="top_lfsr_postroute_physopted.rqs"/>
  <File Type="ROUTE-RQS-RPT" Name="route_report_qor_suggestions_0.rpt"/>
  <File Type="POSTROUTE-PHYSOPT-RQS-RPT" Name="postroute_physopt_report_qor_suggestions_0.rpt"/>
  <FileSet Name="sources" Type="DesignSrcs" RelSrcDir="$PSRCDIR/sources_1" RelGenDir="$PGENDIR/sources_1">
    <Filter Type="Srcs"/>
    <File Path="$PSRCDIR/sources_1/new/timescale.v">
      <FileInfo>
        <Attr Name="IsGlobalInclude" Val="1"/>
        <Attr Name="UsedIn" Val="synthesis"/>
        <Attr Name="UsedIn" Val="implementation"/>
        <Attr Name="UsedIn" Val="simulation"/>
      </FileInfo>
    </File>
    <File Path="$PSRCDIR/sources_1/imports/sources/Seven_Seg_Display_Control.v">
      <FileInfo>
        <Attr Name="ImportPath" Val="$PPRDIR/../../Quartus/top_lfsr/sources/Seven_Seg_Display_Control.v"/>
        <Attr Name="ImportTime" Val="1678824830"/>
        <Attr Name="UsedIn" Val="synthesis"/>
        <Attr Name="UsedIn" Val="implementation"/>
        <Attr Name="UsedIn" Val="simulation"/>
      </FileInfo>
    </File>
    <File Path="$PSRCDIR/sources_1/imports/new/debounce.v">
      <FileInfo>
        <Attr Name="ImportPath" Val="$PPRDIR/../LFSR_2022_2/LFSR_2022_2.srcs/sources_1/new/debounce.v"/>
        <Attr Name="ImportTime" Val="1676061986"/>
        <Attr Name="UsedIn" Val="synthesis"/>
        <Attr Name="UsedIn" Val="implementation"/>
        <Attr Name="UsedIn" Val="simulation"/>
      </FileInfo>
    </File>
    <File Path="$PSRCDIR/sources_1/imports/sources/design_block.v">
      <FileInfo>
        <Attr Name="ImportPath" Val="$PPRDIR/../../Quartus/top_lfsr/sources/design_block.v"/>
        <Attr Name="ImportTime" Val="1678824646"/>
        <Attr Name="UsedIn" Val="synthesis"/>
        <Attr Name="UsedIn" Val="implementation"/>
        <Attr Name="UsedIn" Val="simulation"/>
      </FileInfo>
    </File>
    <File Path="$PSRCDIR/sources_1/imports/new/div_by_N.v">
      <FileInfo>
        <Attr Name="ImportPath" Val="$PPRDIR/../LFSR_2022_2/LFSR_2022_2.srcs/sources_1/new/div_by_N.v"/>
        <Attr Name="ImportTime" Val="1676062339"/>
        <Attr Name="UsedIn" Val="synthesis"/>
        <Attr Name="UsedIn" Val="implementation"/>
        <Attr Name="UsedIn" Val="simulation"/>
      </FileInfo>
    </File>
    <File Path="$PSRCDIR/sources_1/imports/sources/fifo_buffer.v">
      <FileInfo>
        <Attr Name="ImportPath" Val="$PPRDIR/../../Quartus/top_lfsr/sources/fifo_buffer.v"/>
        <Attr Name="ImportTime" Val="1678638009"/>
        <Attr Name="UsedIn" Val="synthesis"/>
        <Attr Name="UsedIn" Val="implementation"/>
        <Attr Name="UsedIn" Val="simulation"/>
      </FileInfo>
    </File>
    <File Path="$PSRCDIR/sources_1/imports/new/lfsr.v">
      <FileInfo>
        <Attr Name="ImportPath" Val="$PPRDIR/../LFSR_2022_2/LFSR_2022_2.srcs/sources_1/new/lfsr.v"/>
        <Attr Name="ImportTime" Val="1676062013"/>
        <Attr Name="UsedIn" Val="synthesis"/>
        <Attr Name="UsedIn" Val="implementation"/>
        <Attr Name="UsedIn" Val="simulation"/>
      </FileInfo>
    </File>
    <File Path="$PSRCDIR/sources_1/imports/new/reset_gen.v">
      <FileInfo>
        <Attr Name="ImportPath" Val="$PPRDIR/../LFSR_2022_2/LFSR_2022_2.srcs/sources_1/new/reset_gen.v"/>
        <Attr Name="ImportTime" Val="1676062275"/>
        <Attr Name="UsedIn" Val="synthesis"/>
        <Attr Name="UsedIn" Val="implementation"/>
        <Attr Name="UsedIn" Val="simulation"/>
      </FileInfo>
    </File>
    <File Path="$PSRCDIR/sources_1/imports/sources/uart_tx.v">
      <FileInfo>
        <Attr Name="ImportPath" Val="$PPRDIR/../../Quartus/top_lfsr/sources/uart_tx.v"/>
        <Attr Name="ImportTime" Val="1678823460"/>
        <Attr Name="UsedIn" Val="synthesis"/>
        <Attr Name="UsedIn" Val="implementation"/>
        <Attr Name="UsedIn" Val="simulation"/>
      </FileInfo>
    </File>
    <File Path="$PSRCDIR/sources_1/imports/sources/top_lfsr.v">
      <FileInfo>
        <Attr Name="ImportPath" Val="$PPRDIR/../../Quartus/top_lfsr/sources/top_lfsr.v"/>
        <Attr Name="ImportTime" Val="1678824909"/>
        <Attr Name="UsedIn" Val="synthesis"/>
        <Attr Name="UsedIn" Val="implementation"/>
        <Attr Name="UsedIn" Val="simulation"/>
      </FileInfo>
    </File>
    <File Path="$PSRCDIR/sources_1/imports/new/Seven_Seg_Display_Control.v">
      <FileInfo>
        <Attr Name="UserDisabled" Val="1"/>
        <Attr Name="ImportPath" Val="$PPRDIR/../LFSR_2022_2/LFSR_2022_2.srcs/sources_1/new/Seven_Seg_Display_Control.v"/>
        <Attr Name="ImportTime" Val="1676062393"/>
        <Attr Name="UsedIn" Val="synthesis"/>
        <Attr Name="UsedIn" Val="implementation"/>
        <Attr Name="UsedIn" Val="simulation"/>
      </FileInfo>
    </File>
    <File Path="$PSRCDIR/sources_1/imports/sources/debounce.v">
      <FileInfo>
        <Attr Name="AutoDisabled" Val="1"/>
        <Attr Name="ImportPath" Val="$PPRDIR/../../Quartus/top_lfsr/sources/debounce.v"/>
        <Attr Name="ImportTime" Val="1677856615"/>
        <Attr Name="UsedIn" Val="synthesis"/>
        <Attr Name="UsedIn" Val="implementation"/>
        <Attr Name="UsedIn" Val="simulation"/>
      </FileInfo>
    </File>
    <File Path="$PSRCDIR/sources_1/imports/sources/div_by_N.v">
      <FileInfo>
        <Attr Name="AutoDisabled" Val="1"/>
        <Attr Name="ImportPath" Val="$PPRDIR/../../Quartus/top_lfsr/sources/div_by_N.v"/>
        <Attr Name="ImportTime" Val="1678420245"/>
        <Attr Name="UsedIn" Val="synthesis"/>
        <Attr Name="UsedIn" Val="implementation"/>
        <Attr Name="UsedIn" Val="simulation"/>
      </FileInfo>
    </File>
    <File Path="$PSRCDIR/sources_1/imports/sources/lfsr.v">
      <FileInfo>
        <Attr Name="AutoDisabled" Val="1"/>
        <Attr Name="ImportPath" Val="$PPRDIR/../../Quartus/top_lfsr/sources/lfsr.v"/>
        <Attr Name="ImportTime" Val="1677970892"/>
        <Attr Name="UsedIn" Val="synthesis"/>
        <Attr Name="UsedIn" Val="implementation"/>
        <Attr Name="UsedIn" Val="simulation"/>
      </FileInfo>
    </File>
    <File Path="$PSRCDIR/sources_1/imports/sources/reset_gen.v">
      <FileInfo>
        <Attr Name="AutoDisabled" Val="1"/>
        <Attr Name="ImportPath" Val="$PPRDIR/../../Quartus/top_lfsr/sources/reset_gen.v"/>
        <Attr Name="ImportTime" Val="1678228729"/>
        <Attr Name="UsedIn" Val="synthesis"/>
        <Attr Name="UsedIn" Val="implementation"/>
        <Attr Name="UsedIn" Val="simulation"/>
      </FileInfo>
    </File>
    <File Path="$PSRCDIR/sources_1/imports/sources/TB_top_lfsr.v">
      <FileInfo>
        <Attr Name="AutoDisabled" Val="1"/>
        <Attr Name="ImportPath" Val="$PPRDIR/../../Quartus/top_lfsr/sources/TB_top_lfsr.v"/>
        <Attr Name="ImportTime" Val="1678584127"/>
        <Attr Name="UsedIn" Val="synthesis"/>
        <Attr Name="UsedIn" Val="implementation"/>
        <Attr Name="UsedIn" Val="simulation"/>
      </FileInfo>
    </File>
    <Config>
      <Option Name="DesignMode" Val="RTL"/>
      <Option Name="TopModule" Val="top_lfsr"/>
      <Option Name="TopAutoSet" Val="TRUE"/>
    </Config>
  </FileSet>
  <FileSet Name="constrs_in" Type="Constrs" RelSrcDir="$PSRCDIR/constrs_1">
    <Filter Type="Constrs"/>
    <File Path="$PSRCDIR/constrs_1/imports/new/Basys3_mod.xdc">
      <FileInfo>
        <Attr Name="ImportPath" Val="$PPRDIR/../LFSR_2022_2/LFSR_2022_2.srcs/constrs_1/new/Basys3_mod.xdc"/>
        <Attr Name="ImportTime" Val="1675099440"/>
        <Attr Name="UsedIn" Val="synthesis"/>
        <Attr Name="UsedIn" Val="implementation"/>
      </FileInfo>
    </File>
    <Config>
      <Option Name="ConstrsType" Val="XDC"/>
    </Config>
  </FileSet>
  <FileSet Name="utils" Type="Utils" RelSrcDir="$PSRCDIR/utils_1">
    <Filter Type="Utils"/>
    <File Path="$PSRCDIR/utils_1/imports/synth_1/design_1_wrapper.dcp">
      <FileInfo>
        <Attr Name="ImportPath" Val="$PPRDIR/../LFSR_BD/LFSR_BD.srcs/utils_1/imports/synth_1/design_1_wrapper.dcp"/>
        <Attr Name="ImportTime" Val="1676689363"/>
        <Attr Name="UsedIn" Val="synthesis"/>
        <Attr Name="UsedIn" Val="implementation"/>
        <Attr Name="UsedInSteps" Val="synth_1"/>
        <Attr Name="AutoDcp" Val="1"/>
      </FileInfo>
    </File>
    <Config>
      <Option Name="TopAutoSet" Val="TRUE"/>
    </Config>
  </FileSet>
  <Strategy Version="1" Minor="2">
    <StratHandle Name="Vivado Implementation Defaults" Flow="Vivado Implementation 2022">
      <Desc>Default settings for Implementation.</Desc>
    </StratHandle>
    <Step Id="init_design"/>
    <Step Id="opt_design"/>
    <Step Id="power_opt_design"/>
    <Step Id="place_design"/>
    <Step Id="post_place_power_opt_design"/>
    <Step Id="phys_opt_design"/>
    <Step Id="route_design"/>
    <Step Id="post_route_phys_opt_design"/>
    <Step Id="write_bitstream"/>
  </Strategy>
  <BlockFileSet Type="BlockSrcs" Name="clk_wiz_0"/>
</GenRun>
