<?xml version="1.0"?>
<Runs Version="1" Minor="0">
	<Run Id="design_1_div_by_N_1_0_synth_1" LaunchDir="C:/Users/Admin/Dropbox/PC/Documents/FPGA_proj/Vivado/LFSR_UART/LFSR_UART.runs/design_1_div_by_N_1_0_synth_1" FlowId="Vivado_Synthesis" FromStepId="vivado" ToStepId="vivado"/>
	<Run Id="synth_1" LaunchDir="C:/Users/Admin/Dropbox/PC/Documents/FPGA_proj/Vivado/LFSR_UART/LFSR_UART.runs/synth_1" FlowId="Vivado_Synthesis" FromStepId="vivado" ToStepId="vivado">
		<Parent Id="design_1_div_by_N_1_0_synth_1"/>
	</Run>
	<Run Id="impl_1" LaunchDir="C:/Users/Admin/Dropbox/PC/Documents/FPGA_proj/Vivado/LFSR_UART/LFSR_UART.runs/impl_1" FlowId="Vivado_Implementation" FromStepId="init_design" ToStepId="route_design">
		<Parent Id="synth_1"/>
		<Parent Id="design_1_div_by_N_1_0_synth_1"/>
	</Run>
	<Parameters>
		<Parameter Name="runs.monitorLSFJobs" Val="true" Type="bool"/>
		<Parameter Name="runs.enableClusterConf" Val="true" Type="bool"/>
	</Parameters>
</Runs>

